﻿<TopMenus>
	<Item Id="1" Description="Training And Development" ParentMenuID="0" URL="#" Category ="category1"></Item>
	<Item Id="2" Description="Quality" ParentMenuID="0" URL="#"  Category ="category1"></Item>
	<Item Id="3" Description="Administration" ParentMenuID="0" URL="#"  Category ="category1"></Item>

	<Item Id="4" Description="Training" ParentMenuID="1" URL="#" Category =""></Item>
	<Item Id="5" Description="Education" ParentMenuID="1" URL="#" Category =""></Item>

	<Item Id="6" Description="Maintenance" ParentMenuID="4" URL="#" Category =""></Item>
	<Item Id="7" Description="Training Calendar" ParentMenuID="4" URL="#" Category =""></Item>

	<Item Id="8" Description="Reports" ParentMenuID="5" URL="#" Category =""></Item>

	<Item Id="9" Description="TSA" ParentMenuID="2" URL="#" Category =""></Item>
	<Item Id="10" Description="OFI" ParentMenuID="2" URL="#" Category =""></Item>
	<Item Id="11" Description="Risk Radar" ParentMenuID="2" URL="#" Category =""></Item>

	<Item Id="12" Description="Attendance" ParentMenuID="3" URL="#" Category =""></Item>
	<Item Id="13" Description="Leave Balance" ParentMenuID="3" URL="#" Category =""></Item>
	<Item Id="14" Description="Space Management" ParentMenuID="3" URL="#" Category =""></Item>

	<Item Id="15" Description="Space" ParentMenuID="14" URL="#" Category =""></Item>
	<Item Id="16" Description="Report" ParentMenuID="14" URL="#" Category =""></Item>


	<Item Id="17" Description="Finance" ParentMenuID="0" URL="#" Category ="category2"></Item>
	<Item Id="18" Description="Travel" ParentMenuID="0" URL="#"  Category ="category2"></Item>
	<Item Id="19" Description="Quizpro" ParentMenuID="0" URL="#"  Category ="category2"></Item>

	<Item Id="20" Description="Weekly Credit" ParentMenuID="17" URL="#" Category =""></Item>
	<Item Id="21" Description="WBS Code Creation" ParentMenuID="17" URL="#" Category =""></Item>

	<Item Id="22" Description="Submit Reimbursments" ParentMenuID="20" URL="#" Category =""></Item>
	<Item Id="23" Description="My Reimbursments" ParentMenuID="20" URL="#" Category =""></Item>

	<Item Id="24" Description="Bulk Upload" ParentMenuID="21" URL="#" Category =""></Item>

	<Item Id="25" Description="Create Request" ParentMenuID="18" URL="#" Category =""></Item>
	<Item Id="26" Description="My Request" ParentMenuID="18" URL="#" Category =""></Item>
	<Item Id="27" Description="My Team Approval" ParentMenuID="18" URL="#" Category =""></Item>

	<Item Id="31" Description="Domestic Travel" ParentMenuID="25" URL="#" Category =""></Item>
	<Item Id="32" Description="International Travel" ParentMenuID="25" URL="#" Category =""></Item>
	<Item Id="33" Description="Visa Stamping" ParentMenuID="25" URL="#" Category =""></Item>

	<Item Id="34" Description="My Approval" ParentMenuID="27" URL="#" Category =""></Item>
	<Item Id="35" Description="Search Team Request" ParentMenuID="27" URL="#" Category =""></Item>

	<Item Id="36" Description="View My Approval" ParentMenuID="34" URL="#" Category =""></Item>
	<Item Id="37" Description="Search All Requests" ParentMenuID="35" URL="#" Category =""></Item>
	<Item Id="38" Description="Search Approved Request" ParentMenuID="35" URL="#" Category =""></Item>
	
	<Item Id="28" Description="My Quizzes" ParentMenuID="19" URL="#" Category =""></Item>
	<Item Id="29" Description="Manage Quiz" ParentMenuID="19" URL="#" Category =""></Item>
	<Item Id="30" Description="Quiz Result" ParentMenuID="19" URL="#" Category =""></Item>
</TopMenus>
