﻿<TopMenus>
	<Item Id="1" Description="Training And Development" ParentMenuID="0" URL="#"></Item>
	<Item Id="2" Description="Quality" ParentMenuID="0" URL="#"></Item>
	<Item Id="3" Description="Administration" ParentMenuID="0" URL="#"></Item>

	<Item Id="4" Description="Training" ParentMenuID="1" URL="#"></Item>
	<Item Id="5" Description="Education" ParentMenuID="1" URL="#"></Item>

	<Item Id="6" Description="Maintenance" ParentMenuID="4" URL="#"></Item>
	<Item Id="7" Description="Training Calendar" ParentMenuID="4" URL="#"></Item>

	<Item Id="8" Description="Reports" ParentMenuID="5" URL="#"></Item>

	<Item Id="9" Description="TSA" ParentMenuID="2" URL="#"></Item>
	<Item Id="10" Description="OFI" ParentMenuID="2" URL="#"></Item>
	<Item Id="11" Description="Risk Radar" ParentMenuID="2" URL="#"></Item>

	<Item Id="12" Description="Attendance" ParentMenuID="3" URL="#"></Item>
	<Item Id="13" Description="Leave Balance" ParentMenuID="3" URL="#"></Item>
	<Item Id="14" Description="Space Management" ParentMenuID="3" URL="#"></Item>
	
	<Item Id="15" Description="Space" ParentMenuID="14" URL="#"></Item>
	<Item Id="16" Description="Report" ParentMenuID="14" URL="#"></Item>
</TopMenus>
